"Dashboard ID","Title","Created By","Modified By","Modified Date","Private","Default for User","Default for Account","Widget ID","Type","Title","Visual Mode","Embed URL","Is Embedded","Metric Group","Direction","Metric","Measure","Fixed Timespan Value","Fixed Timespan Unit","Should Exclude Alert Suppression Windows","DataSource","Filters Tests","_links"

"659c604d4efc13334fea9145","New Dashboard","650341","650341","2024-01-08T20:52:23Z","False","False","False",
  

"606ba828b5eaf535299cf3dd","maavalos test ","585946","585946","2023-09-11T17:42:48Z","False","False","False",
  

"0-206876","ThousandEyes Built-in: Agent Alerts","None","None","None","False","False","False",
  

"1-206876","ThousandEyes Built-in: Network Layer","None","None","None","False","False","False",
  

"2-206876","ThousandEyes Built-in: HTTP Server","None","None","None","False","False","False",
  

"3-206876","ThousandEyes Built-in: Page Load","None","None","None","False","False","False",
  

"4-206876","ThousandEyes Built-in","None","None","None","False","False","False",
  
